transactionid,userid,portfolioid,companyname,stockname,quantity,price,transactiontype,timestamp,PE,volatility,sentiment,day_of_week,month,user_total_transactions,user_avg_quantity,user_avg_value,stock_total_transactions,stock_avg_quantity,sector_Agriculture Machinery,sector_Auto Ancillaries,sector_Automobile (Tyres),sector_Cement,sector_Engineering,sector_Industrial Manufacturing,sector_Logistics,sector_Other,sector_Packaging / Industrials,sector_Pharmaceuticals,sector_Retail & Lifestyle,sector_Shipping & Transport,sector_Steel & Metals,sector_Textiles,market_cap_bucket_large,market_cap_bucket_mid,market_cap_bucket_small,target
,1,1,JK Tyre & Industries Limited,JKTYRE,8,173.8,buy,2025-05-12 20:17:47,47.05,0.092,-1,0,5,15,20.533333333333335,40368.99466666666,5,25.0,False,False,True,False,False,False,False,False,False,False,False,False,False,False,True,False,False,1
,1,1,Shree Vasu Logistics Limited,SVLL,9,3695.53,buy,2024-10-19 18:05:14,12.01,0.083,1,5,10,15,20.533333333333335,40368.99466666666,5,22.2,False,False,False,False,False,False,True,False,False,False,False,False,False,False,False,True,False,1
,1,1,UCAL LIMITED,UCAL,6,2972.94,buy,2024-09-16 05:31:25,34.67,0.032,0,0,9,15,20.533333333333335,40368.99466666666,7,14.0,False,True,False,False,False,False,False,False,False,False,False,False,False,False,True,False,False,1
,1,1,International Conveyors Limited,INTLCONV,14,1201.67,buy,2025-06-21 12:09:29,43.12,0.01,1,5,6,15,20.533333333333335,40368.99466666666,5,16.2,False,False,False,False,False,True,False,False,False,False,False,False,False,False,True,False,False,1
,1,1,Escorts Kubota Limited,ESCORTS,13,3594.3,sell,2024-12-22 07:51:56,6.58,0.04,1,6,12,15,20.533333333333335,40368.99466666666,3,26.666666666666668,True,False,False,False,False,False,False,False,False,False,False,False,False,False,True,False,False,0
,1,1,Aditya Birla Lifestyle Brands Limited,ABLBL,15,2273.58,buy,2024-12-10 14:57:51,38.47,0.071,0,1,12,15,20.533333333333335,40368.99466666666,7,29.285714285714285,False,False,False,False,False,False,False,False,False,False,True,False,False,False,False,False,True,1
,1,1,Sambhv Steel Tubes Limited,SAMBHV,49,4038.81,buy,2024-12-02 04:52:53,9.89,0.069,0,0,12,15,20.533333333333335,40368.99466666666,2,34.0,False,False,False,False,False,False,False,False,False,False,False,False,True,False,False,True,False,1
,1,1,AMD Industries Limited,AMDIND,18,819.62,sell,2024-10-30 16:59:39,27.02,0.011,-1,2,10,15,20.533333333333335,40368.99466666666,6,21.666666666666668,False,False,False,False,False,False,False,False,True,False,False,False,False,False,False,True,False,0
,1,1,AMD Industries Limited,AMDIND,7,509.09,buy,2025-06-19 12:48:57,27.02,0.011,-1,3,6,15,20.533333333333335,40368.99466666666,6,21.666666666666668,False,False,False,False,False,False,False,False,True,False,False,False,False,False,False,True,False,1
,1,1,Piramal Pharma Limited,PPLPHARMA,39,1359.38,buy,2024-10-16 07:43:51,21.8,0.076,-1,2,10,15,20.533333333333335,40368.99466666666,2,38.5,False,False,False,False,False,False,False,False,False,True,False,False,False,False,False,False,True,1
,1,1,T T Ltd-RE,TTL-RE,35,667.89,sell,2025-05-27 07:42:10,23.89,0.037,0,1,5,15,20.533333333333335,40368.99466666666,4,21.0,False,False,False,False,False,False,False,False,False,False,False,False,False,True,False,False,True,0
,1,1,Shipping Corporation Of India Limited,SCI,36,1501.23,buy,2025-06-21 03:55:49,47.59,0.049,0,5,6,15,20.533333333333335,40368.99466666666,2,21.0,False,False,False,False,False,False,False,False,False,False,False,True,False,False,False,True,False,1
,1,1,VIP Clothing Limited,VIPCLOTHNG,37,1001.83,buy,2025-08-19 00:07:22,40.55,0.085,0,1,8,15,20.533333333333335,40368.99466666666,5,29.4,False,False,False,False,False,False,False,False,False,False,False,False,False,True,True,False,False,1
,1,1,Uniparts India Limited,UNIPARTS,15,3876.69,sell,2025-04-06 07:35:28,47.82,0.012,1,6,4,15,20.533333333333335,40368.99466666666,2,28.0,False,False,False,False,True,False,False,False,False,False,False,False,False,False,False,True,False,0
,1,1,Anjani Portland Cement Limited,APCL,7,1931.62,buy,2024-10-10 06:44:07,16.74,0.06,0,3,10,15,20.533333333333335,40368.99466666666,5,15.2,False,False,False,True,False,False,False,False,False,False,False,False,False,False,True,False,False,1
,2,2,VIP Clothing Limited,VIPCLOTHNG,11,1882.4,buy,2025-04-23 20:11:44,40.55,0.085,0,2,4,15,32.46666666666667,75429.72399999999,5,29.4,False,False,False,False,False,False,False,False,False,False,False,False,False,True,True,False,False,1
,2,2,Vishnu Prakash R Punglia Limited,VPRPL,45,4686.44,buy,2025-02-17 09:00:11,12.91,0.019,1,0,2,15,32.46666666666667,75429.72399999999,3,22.0,False,False,False,False,False,False,False,True,False,False,False,False,False,False,True,False,False,1
,2,2,Indo Count Industries Limited,ICIL,41,897.14,sell,2024-09-18 20:38:33,13.57,0.01,1,2,9,15,32.46666666666667,75429.72399999999,5,36.0,False,False,False,False,False,False,False,True,False,False,False,False,False,False,False,False,True,0
,2,2,Gala Precision Engineering Limited,GALAPREC,30,1928.3,sell,2024-09-18 02:08:12,29.98,0.051,1,2,9,15,32.46666666666667,75429.72399999999,4,18.5,False,False,False,False,False,False,False,True,False,False,False,False,False,False,False,False,True,0
,2,2,JK Tyre & Industries Limited,JKTYRE,45,2806.9,buy,2024-10-12 21:42:34,47.05,0.092,-1,5,10,15,32.46666666666667,75429.72399999999,5,25.0,False,False,True,False,False,False,False,False,False,False,False,False,False,False,True,False,False,1
,2,2,Hubtown Limited,HUBTOWN,50,326.89,sell,2024-11-30 10:15:37,12.06,0.082,-1,5,11,15,32.46666666666667,75429.72399999999,1,50.0,False,False,False,False,False,False,False,True,False,False,False,False,False,False,False,True,False,0
,2,2,Fine Organic Industries Limited,FINEORG,26,1375.32,buy,2024-12-05 20:57:48,47.07,0.015,-1,3,12,15,32.46666666666667,75429.72399999999,4,28.0,False,False,False,False,False,False,False,True,False,False,False,False,False,False,False,True,False,1
,2,2,Amines & Plasticizers Limited,AMNPLST,46,1607.66,buy,2025-03-21 18:39:33,9.48,0.046,0,4,3,15,32.46666666666667,75429.72399999999,2,24.5,False,False,False,False,False,False,False,True,False,False,False,False,False,False,False,True,False,1
,2,2,COSMO FIRST LIMITED,COSMOFIRST,42,2321.32,buy,2025-04-28 07:37:40,35.95,0.097,-1,0,4,15,32.46666666666667,75429.72399999999,2,44.0,False,False,False,False,False,False,False,True,False,False,False,False,False,False,True,False,False,1
,2,2,Siemens Limited,SIEMENS,48,2828.77,buy,2024-09-16 19:44:23,6.63,0.043,0,0,9,15,32.46666666666667,75429.72399999999,2,43.0,False,False,False,False,False,False,False,True,False,False,False,False,False,False,False,True,False,1
,2,2,HDB Financial Services Limited,HDBFS,28,4494.22,buy,2025-04-12 11:35:23,12.44,0.093,1,5,4,15,32.46666666666667,75429.72399999999,5,35.4,False,False,False,False,False,False,False,True,False,False,False,False,False,False,True,False,False,1
,2,2,Shree Vasu Logistics Limited,SVLL,9,2572.16,buy,2024-11-22 17:42:28,12.01,0.083,1,4,11,15,32.46666666666667,75429.72399999999,5,22.2,False,False,False,False,False,False,True,False,False,False,False,False,False,False,False,True,False,1
,2,2,Dr. Lal Path Labs Ltd.,LALPATHLAB,8,806.56,buy,2025-06-11 14:11:35,21.67,0.035,-1,2,6,15,32.46666666666667,75429.72399999999,4,18.75,False,False,False,False,False,False,False,True,False,False,False,False,False,False,True,False,False,1
,2,2,EPL Limited,EPL,28,3002.22,buy,2025-05-16 21:46:07,37.35,0.067,0,4,5,15,32.46666666666667,75429.72399999999,7,29.0,False,False,False,False,False,False,False,True,False,False,False,False,False,False,True,False,False,1
,2,2,Wockhardt Limited,WOCKPHARMA,30,2669.12,sell,2025-06-05 21:13:45,26.04,0.021,0,3,6,15,32.46666666666667,75429.72399999999,2,37.5,False,False,False,False,False,False,False,True,False,False,False,False,False,False,False,False,True,0
,3,3,Prozone Realty Limited,PROZONER,44,3617.57,buy,2025-04-06 03:37:45,26.35,0.028,1,6,4,15,31.666666666666668,81923.16,3,26.666666666666668,False,False,False,False,False,False,False,True,False,False,False,False,False,False,False,True,False,1
,3,3,Imagicaaworld Entertainment Limited,IMAGICAA,49,1370.78,buy,2025-02-16 10:36:53,30.04,0.075,0,6,2,15,31.666666666666668,81923.16,4,38.0,False,False,False,False,False,False,False,True,False,False,False,False,False,False,False,True,False,1
,3,3,Emami Paper Mills Limited,EMAMIPAP,19,2202.09,buy,2024-12-01 03:03:43,37.77,0.052,-1,6,12,15,31.666666666666668,81923.16,2,21.5,False,False,False,False,False,False,False,True,False,False,False,False,False,False,False,False,True,1
,3,3,Bal Pharma Limited,BALPHARMA,47,1353.78,buy,2025-02-27 23:20:18,33.13,0.093,0,3,2,15,31.666666666666668,81923.16,4,28.75,False,False,False,False,False,False,False,True,False,False,False,False,False,False,True,False,False,1
,3,3,ORIENT CERATECH LIMITED,ORIENTCER,33,4567.51,sell,2025-04-23 08:45:39,39.21,0.033,1,2,4,15,31.666666666666668,81923.16,4,26.5,False,False,False,False,False,False,False,True,False,False,False,False,False,False,False,False,True,0
,3,3,Kirloskar Electric Company Limited,KECL,41,2562.93,buy,2024-12-23 13:19:55,49.72,0.077,1,0,12,15,31.666666666666668,81923.16,3,30.0,False,False,False,False,False,False,False,True,False,False,False,False,False,False,True,False,False,1
,3,3,Hisar Metal Industries Limited,HISARMETAL,49,849.67,sell,2025-07-17 20:50:43,35.75,0.031,-1,3,7,15,31.666666666666668,81923.16,3,24.333333333333332,False,False,False,False,False,False,False,True,False,False,False,False,False,False,False,True,False,0
,3,3,Steel City Securities Limited,STEELCITY,1,3014.78,buy,2025-08-10 02:52:22,29.7,0.05,0,6,8,15,31.666666666666668,81923.16,3,20.0,False,False,False,False,False,False,False,True,False,False,False,False,False,False,True,False,False,1
,3,3,Emami Paper Mills Limited,EMAMIPAP,24,4399.67,sell,2024-09-09 00:58:46,37.77,0.052,-1,0,9,15,31.666666666666668,81923.16,2,21.5,False,False,False,False,False,False,False,True,False,False,False,False,False,False,False,False,True,0
,3,3,Cura Technologies Limited,CURAA,16,336.73,sell,2025-06-28 05:00:14,44.37,0.079,0,5,6,15,31.666666666666668,81923.16,6,32.666666666666664,False,False,False,False,False,False,False,True,False,False,False,False,False,False,False,False,True,0
,3,3,Shipping Corporation Of India Limited,SCI,6,3672.94,sell,2025-07-16 11:11:11,47.59,0.049,0,2,7,15,31.666666666666668,81923.16,2,21.0,False,False,False,False,False,False,False,False,False,False,False,True,False,False,False,True,False,0
,3,3,Pennar Industries Limited,PENIND,35,3840.88,buy,2024-11-07 12:32:21,45.94,0.041,0,3,11,15,31.666666666666668,81923.16,3,22.0,False,False,False,False,False,False,False,True,False,False,False,False,False,False,True,False,False,1
,3,3,Hatsun Agro Product Limited,HATSUN,36,867.38,buy,2025-06-04 15:32:14,35.54,0.022,-1,2,6,15,31.666666666666668,81923.16,3,35.0,False,False,False,False,False,False,False,True,False,False,False,False,False,False,False,False,True,1
,3,3,Indo Count Industries Limited,ICIL,28,4823.6,sell,2025-02-17 15:27:30,13.57,0.01,1,0,2,15,31.666666666666668,81923.16,5,36.0,False,False,False,False,False,False,False,True,False,False,False,False,False,False,False,False,True,0
,3,3,CRISIL Limited,CRISIL,47,3464.84,sell,2025-01-16 15:46:16,47.42,0.092,1,3,1,15,31.666666666666668,81923.16,4,30.0,False,False,False,False,False,False,False,True,False,False,False,False,False,False,False,False,True,0
,4,4,Lumax Auto Technologies Limited,LUMAXTECH,43,3266.9,buy,2024-12-23 10:21:19,21.72,0.084,1,0,12,15,24.6,53786.100000000006,5,35.2,False,False,False,False,False,False,False,True,False,False,False,False,False,False,True,False,False,1
,4,4,Vinyl Chemicals (India) Limited,VINYLINDIA,29,648.97,buy,2024-11-05 21:34:50,19.08,0.066,-1,1,11,15,24.6,53786.100000000006,2,21.0,False,False,False,False,False,False,False,True,False,False,False,False,False,False,False,False,True,1
,4,4,AMD Industries Limited,AMDIND,2,2962.13,buy,2024-11-29 03:16:34,27.02,0.011,-1,4,11,15,24.6,53786.100000000006,6,21.666666666666668,False,False,False,False,False,False,False,False,True,False,False,False,False,False,False,True,False,1
,4,4,Shree Vasu Logistics Limited,SVLL,1,401.42,buy,2025-06-30 00:41:15,12.01,0.083,1,0,6,15,24.6,53786.100000000006,5,22.2,False,False,False,False,False,False,True,False,False,False,False,False,False,False,False,True,False,1
,4,4,Anjani Portland Cement Limited,APCL,5,4531.83,sell,2025-01-15 05:41:42,16.74,0.06,0,2,1,15,24.6,53786.100000000006,5,15.2,False,False,False,True,False,False,False,False,False,False,False,False,False,False,True,False,False,0
,4,4,MEP Infrastructure Developers Limited,MEP,33,1228.12,buy,2024-10-16 05:04:31,7.17,0.098,1,2,10,15,24.6,53786.100000000006,2,31.0,False,False,False,False,False,False,False,True,False,False,False,False,False,False,False,True,False,1
,4,4,Mangalam Global Enterprise Limited,MGEL,35,704.94,sell,2024-10-12 12:51:38,47.72,0.083,0,5,10,15,24.6,53786.100000000006,3,25.0,False,False,False,False,False,False,False,True,False,False,False,False,False,False,True,False,False,0
,4,4,Prajay Engineers Syndicate Limited,PRAENG,37,2389.72,sell,2025-02-01 01:35:08,26.87,0.089,-1,5,2,15,24.6,53786.100000000006,2,37.5,False,False,False,False,False,False,False,True,False,False,False,False,False,False,False,True,False,0
,4,4,Tasty Bite Eatables Limited,TASTYBITE,13,516.91,buy,2024-10-14 01:52:07,12.94,0.086,0,0,10,15,24.6,53786.100000000006,7,28.857142857142858,False,False,False,False,False,False,False,True,False,False,False,False,False,False,True,False,False,1
,4,4,Country Club Hospitality & Holidays Limited,CCHHL,28,2084.96,sell,2025-01-23 22:20:13,9.45,0.076,1,3,1,15,24.6,53786.100000000006,4,26.0,False,False,False,False,False,False,False,True,False,False,False,False,False,False,False,True,False,0
,4,4,Dr. Lal Path Labs Ltd.,LALPATHLAB,44,3284.6,buy,2025-08-01 15:37:36,21.67,0.035,-1,4,8,15,24.6,53786.100000000006,4,18.75,False,False,False,False,False,False,False,True,False,False,False,False,False,False,True,False,False,1
,4,4,Gujarat State Fertilizers & Chemicals Limited,GSFC,26,3654.66,sell,2025-01-18 02:18:22,40.74,0.066,0,5,1,15,24.6,53786.100000000006,1,26.0,False,False,False,False,False,False,False,True,False,False,False,False,False,False,False,True,False,0
,4,4,Shakti Pumps (India) Limited,SHAKTIPUMP,16,998.37,buy,2025-04-28 23:32:28,9.32,0.063,1,0,4,15,24.6,53786.100000000006,3,29.666666666666668,False,False,False,False,False,False,False,True,False,False,False,False,False,False,False,True,False,1
,4,4,Le Travenues Technology Limited,IXIGO,28,958.27,buy,2024-12-18 05:55:11,37.58,0.067,1,2,12,15,24.6,53786.100000000006,4,19.25,False,False,False,False,False,False,False,True,False,False,False,False,False,False,False,True,False,1
,4,4,MEP Infrastructure Developers Limited,MEP,29,4049.71,sell,2025-07-16 23:23:14,7.17,0.098,1,2,7,15,24.6,53786.100000000006,2,31.0,False,False,False,False,False,False,False,True,False,False,False,False,False,False,False,True,False,0
,5,5,The New India Assurance Company Limited,NIACL,4,3278.12,buy,2024-09-23 09:23:38,38.25,0.058,1,0,9,15,19.6,59671.07400000001,3,12.666666666666666,False,False,False,False,False,False,False,True,False,False,False,False,False,False,False,True,False,1
,5,5,Prozone Realty Limited,PROZONER,6,4635.52,sell,2025-06-16 21:59:59,26.35,0.028,1,0,6,15,19.6,59671.07400000001,3,26.666666666666668,False,False,False,False,False,False,False,True,False,False,False,False,False,False,False,True,False,0
,5,5,Orchid Pharma Limited,ORCHPHARMA,27,2453.92,buy,2025-03-03 22:33:24,7.83,0.021,0,0,3,15,19.6,59671.07400000001,2,22.0,False,False,False,False,False,False,False,True,False,False,False,False,False,False,False,False,True,1
,5,5,Lumax Auto Technologies Limited,LUMAXTECH,4,864.95,buy,2025-04-02 18:24:53,21.72,0.084,1,2,4,15,19.6,59671.07400000001,5,35.2,False,False,False,False,False,False,False,True,False,False,False,False,False,False,True,False,False,1
,5,5,Tirupati Forge Limited,TIRUPATIFL,17,4636.26,sell,2024-10-24 23:52:14,47.57,0.047,-1,3,10,15,19.6,59671.07400000001,5,26.0,False,False,False,False,False,False,False,True,False,False,False,False,False,False,True,False,False,0
,5,5,Refex Industries Limited,REFEX,28,3498.13,sell,2025-08-30 16:49:21,30.22,0.088,1,5,8,15,19.6,59671.07400000001,8,29.25,False,False,False,False,False,False,False,True,False,False,False,False,False,False,True,False,False,0
,5,5,Escorts Kubota Limited,ESCORTS,43,3606.12,buy,2025-01-31 12:36:10,6.58,0.04,1,4,1,15,19.6,59671.07400000001,3,26.666666666666668,True,False,False,False,False,False,False,False,False,False,False,False,False,False,True,False,False,1
,5,5,Northern Arc Capital Limited,NORTHARC,14,4845.11,buy,2024-10-07 02:52:39,37.88,0.066,0,0,10,15,19.6,59671.07400000001,3,35.666666666666664,False,False,False,False,False,False,False,True,False,False,False,False,False,False,False,True,False,1
,5,5,UCAL LIMITED,UCAL,4,3752.48,buy,2025-04-08 21:47:53,34.67,0.032,0,1,4,15,19.6,59671.07400000001,7,14.0,False,True,False,False,False,False,False,False,False,False,False,False,False,False,True,False,False,1
,5,5,HDB Financial Services Limited,HDBFS,31,2539.11,sell,2024-12-29 09:01:34,12.44,0.093,1,6,12,15,19.6,59671.07400000001,5,35.4,False,False,False,False,False,False,False,True,False,False,False,False,False,False,True,False,False,0
,5,5,Gala Precision Engineering Limited,GALAPREC,4,4805.86,buy,2025-07-25 15:01:06,29.98,0.051,1,4,7,15,19.6,59671.07400000001,4,18.5,False,False,False,False,False,False,False,True,False,False,False,False,False,False,False,False,True,1
,5,5,Davangere Sugar Company Limited,DAVANGERE,5,2995.42,buy,2025-05-08 15:45:15,44.72,0.085,1,3,5,15,19.6,59671.07400000001,2,9.0,False,False,False,False,False,False,False,True,False,False,False,False,False,False,False,True,False,1
,5,5,Agro Phos India Limited,AGROPHOS,26,643.44,sell,2025-05-04 17:25:42,30.72,0.072,-1,6,5,15,19.6,59671.07400000001,2,18.5,False,False,False,False,False,False,False,True,False,False,False,False,False,False,False,False,True,0
,5,5,Siemens Limited,SIEMENS,38,2992.87,buy,2025-08-16 09:24:54,6.63,0.043,0,5,8,15,19.6,59671.07400000001,2,43.0,False,False,False,False,False,False,False,True,False,False,False,False,False,False,False,True,False,1
,5,5,Aditya Birla Lifestyle Brands Limited,ABLBL,43,2939.18,buy,2025-08-07 04:05:49,38.47,0.071,0,3,8,15,19.6,59671.07400000001,7,29.285714285714285,False,False,False,False,False,False,False,False,False,False,True,False,False,False,False,False,True,1
,6,6,Viji Finance Limited,VIJIFIN,14,3365.14,buy,2025-01-24 23:05:21,14.52,0.012,1,4,1,15,20.866666666666667,43111.062000000005,7,18.714285714285715,False,False,False,False,False,False,False,True,False,False,False,False,False,False,False,False,True,1
,6,6,Viji Finance Limited,VIJIFIN,26,697.85,buy,2025-04-18 17:43:07,14.52,0.012,1,4,4,15,20.866666666666667,43111.062000000005,7,18.714285714285715,False,False,False,False,False,False,False,True,False,False,False,False,False,False,False,False,True,1
,6,6,T T Ltd-RE,TTL-RE,21,4648.64,sell,2024-11-20 04:39:58,23.89,0.037,0,2,11,15,20.866666666666667,43111.062000000005,4,21.0,False,False,False,False,False,False,False,False,False,False,False,False,False,True,False,False,True,0
,6,6,Prozone Realty Limited,PROZONER,30,3124.74,buy,2025-06-07 03:29:31,26.35,0.028,1,5,6,15,20.866666666666667,43111.062000000005,3,26.666666666666668,False,False,False,False,False,False,False,True,False,False,False,False,False,False,False,True,False,1
,6,6,The New India Assurance Company Limited,NIACL,5,2711.29,buy,2024-10-03 12:42:27,38.25,0.058,1,3,10,15,20.866666666666667,43111.062000000005,3,12.666666666666666,False,False,False,False,False,False,False,True,False,False,False,False,False,False,False,True,False,1
,6,6,Pokarna Limited,POKARNA,23,4410.28,sell,2024-09-24 07:31:15,8.82,0.027,0,1,9,15,20.866666666666667,43111.062000000005,3,27.0,False,False,False,False,False,False,False,True,False,False,False,False,False,False,False,True,False,0
,6,6,Hisar Metal Industries Limited,HISARMETAL,19,830.85,sell,2025-05-21 07:49:39,35.75,0.031,-1,2,5,15,20.866666666666667,43111.062000000005,3,24.333333333333332,False,False,False,False,False,False,False,True,False,False,False,False,False,False,False,True,False,0
,6,6,Punjab & Sind Bank,PSB,20,3077.8,sell,2024-12-04 00:34:21,43.75,0.094,-1,2,12,15,20.866666666666667,43111.062000000005,2,22.5,False,False,False,False,False,False,False,True,False,False,False,False,False,False,False,False,True,0
,6,6,Network People Services Technologies Limited,NPST,34,88.72,sell,2025-07-03 17:55:33,6.94,0.066,-1,3,7,15,20.866666666666667,43111.062000000005,2,22.0,False,False,False,False,False,False,False,True,False,False,False,False,False,False,True,False,False,0
,6,6,Kirloskar Electric Company Limited,KECL,43,562.75,sell,2024-12-27 21:41:52,49.72,0.077,1,4,12,15,20.866666666666667,43111.062000000005,3,30.0,False,False,False,False,False,False,False,True,False,False,False,False,False,False,True,False,False,0
,6,6,Viji Finance Limited,VIJIFIN,8,4454.08,sell,2024-10-07 12:07:18,14.52,0.012,1,0,10,15,20.866666666666667,43111.062000000005,7,18.714285714285715,False,False,False,False,False,False,False,True,False,False,False,False,False,False,False,False,True,0
,6,6,Silly Monks Entertainment Limited,SILLYMONKS,18,1444.69,buy,2025-08-04 16:32:44,24.58,0.075,0,0,8,15,20.866666666666667,43111.062000000005,2,11.5,False,False,False,False,False,False,False,True,False,False,False,False,False,False,False,True,False,1
,6,6,AMD Industries Limited,AMDIND,14,3453.11,sell,2024-12-05 22:10:29,27.02,0.011,-1,3,12,15,20.866666666666667,43111.062000000005,6,21.666666666666668,False,False,False,False,False,False,False,False,True,False,False,False,False,False,False,True,False,0
,6,6,Signatureglobal (India) Limited,SIGNATURE,32,1293.05,sell,2025-08-09 00:37:11,39.27,0.046,-1,5,8,15,20.866666666666667,43111.062000000005,2,35.0,False,False,False,False,False,False,False,True,False,False,False,False,False,False,True,False,False,0
,6,6,Dr. Lal Path Labs Ltd.,LALPATHLAB,6,3189.71,sell,2024-10-15 17:48:29,21.67,0.035,-1,1,10,15,20.866666666666667,43111.062000000005,4,18.75,False,False,False,False,False,False,False,True,False,False,False,False,False,False,True,False,False,0
,7,7,Datamatics Global Services Limited,DATAMATICS,1,1701.1,buy,2025-02-01 03:26:23,44.18,0.078,-1,5,2,15,21.666666666666668,55460.498000000014,4,23.25,False,False,False,False,False,False,False,True,False,False,False,False,False,False,True,False,False,1
,7,7,Viji Finance Limited,VIJIFIN,11,3719.09,buy,2024-12-23 11:18:30,14.52,0.012,1,0,12,15,21.666666666666668,55460.498000000014,7,18.714285714285715,False,False,False,False,False,False,False,True,False,False,False,False,False,False,False,False,True,1
,7,7,Prime Securities Limited,PRIMESECU,36,97.87,buy,2025-03-01 14:29:49,8.53,0.051,1,5,3,15,21.666666666666668,55460.498000000014,4,22.25,False,False,False,False,False,False,False,True,False,False,False,False,False,False,False,True,False,1
,7,7,Linc Limited,LINC,10,2750.67,sell,2025-05-11 09:24:54,39.51,0.075,0,6,5,15,21.666666666666668,55460.498000000014,4,9.5,False,False,False,False,False,False,False,True,False,False,False,False,False,False,False,True,False,0
,7,7,HDB Financial Services Limited,HDBFS,36,783.06,buy,2025-07-27 10:52:45,12.44,0.093,1,6,7,15,21.666666666666668,55460.498000000014,5,35.4,False,False,False,False,False,False,False,True,False,False,False,False,False,False,True,False,False,1
,7,7,Cura Technologies Limited,CURAA,24,4499.96,sell,2025-01-26 04:53:20,44.37,0.079,0,6,1,15,21.666666666666668,55460.498000000014,6,32.666666666666664,False,False,False,False,False,False,False,True,False,False,False,False,False,False,False,False,True,0
,7,7,Datamatics Global Services Limited,DATAMATICS,23,1089.88,buy,2024-11-08 16:27:09,44.18,0.078,-1,4,11,15,21.666666666666668,55460.498000000014,4,23.25,False,False,False,False,False,False,False,True,False,False,False,False,False,False,True,False,False,1
,7,7,Shakti Pumps (India) Limited,SHAKTIPUMP,23,3911.58,sell,2025-01-28 06:44:36,9.32,0.063,1,1,1,15,21.666666666666668,55460.498000000014,3,29.666666666666668,False,False,False,False,False,False,False,True,False,False,False,False,False,False,False,True,False,0
,7,7,Tasty Bite Eatables Limited,TASTYBITE,40,3759.91,sell,2025-01-22 11:46:10,12.94,0.086,0,2,1,15,21.666666666666668,55460.498000000014,7,28.857142857142858,False,False,False,False,False,False,False,True,False,False,False,False,False,False,True,False,False,0
,7,7,Agro Phos India Limited,AGROPHOS,11,4882.22,sell,2024-11-26 21:09:13,30.72,0.072,-1,1,11,15,21.666666666666668,55460.498000000014,2,18.5,False,False,False,False,False,False,False,True,False,False,False,False,False,False,False,False,True,0
,7,7,Tasty Bite Eatables Limited,TASTYBITE,2,937.84,sell,2025-05-24 18:53:31,12.94,0.086,0,5,5,15,21.666666666666668,55460.498000000014,7,28.857142857142858,False,False,False,False,False,False,False,True,False,False,False,False,False,False,True,False,False,0
,7,7,Tasty Bite Eatables Limited,TASTYBITE,43,4327.12,sell,2024-12-19 04:49:13,12.94,0.086,0,3,12,15,21.666666666666668,55460.498000000014,7,28.857142857142858,False,False,False,False,False,False,False,True,False,False,False,False,False,False,True,False,False,0
,7,7,Vishnu Prakash R Punglia Limited,VPRPL,11,3947.5,buy,2025-06-06 01:50:45,12.91,0.019,1,4,6,15,21.666666666666668,55460.498000000014,3,22.0,False,False,False,False,False,False,False,True,False,False,False,False,False,False,True,False,False,1
,7,7,Raj Television Network Limited,RAJTV,31,1151.05,sell,2025-09-05 06:39:36,48.93,0.096,0,4,9,15,21.666666666666668,55460.498000000014,2,19.0,False,False,False,False,False,False,False,True,False,False,False,False,False,False,False,False,True,0
,7,7,T T Ltd-RE,TTL-RE,23,1560.69,sell,2025-05-29 23:31:57,23.89,0.037,0,3,5,15,21.666666666666668,55460.498000000014,4,21.0,False,False,False,False,False,False,False,False,False,False,False,False,False,True,False,False,True,0
,8,8,Anjani Portland Cement Limited,APCL,15,167.14,buy,2025-05-16 04:32:03,16.74,0.06,0,4,5,15,23.133333333333333,67263.38133333334,5,15.2,False,False,False,True,False,False,False,False,False,False,False,False,False,False,True,False,False,1
,8,8,Banaras Beads Limited,BANARBEADS,18,4328.55,sell,2024-10-04 05:55:34,20.79,0.064,0,4,10,15,23.133333333333333,67263.38133333334,4,31.25,False,False,False,False,False,False,False,True,False,False,False,False,False,False,False,True,False,0
,8,8,Gopal Snacks Limited,GOPAL,23,3225.33,buy,2025-05-01 01:55:08,43.85,0.08,0,3,5,15,23.133333333333333,67263.38133333334,2,17.5,False,False,False,False,False,False,False,True,False,False,False,False,False,False,False,False,True,1
,8,8,Imagicaaworld Entertainment Limited,IMAGICAA,22,4699.22,buy,2025-05-11 02:49:59,30.04,0.075,0,6,5,15,23.133333333333333,67263.38133333334,4,38.0,False,False,False,False,False,False,False,True,False,False,False,False,False,False,False,True,False,1
,8,8,Viji Finance Limited,VIJIFIN,12,2923.92,sell,2024-11-11 23:32:04,14.52,0.012,1,0,11,15,23.133333333333333,67263.38133333334,7,18.714285714285715,False,False,False,False,False,False,False,True,False,False,False,False,False,False,False,False,True,0
,8,8,Raj Television Network Limited,RAJTV,7,3003.03,buy,2025-04-01 22:57:04,48.93,0.096,0,1,4,15,23.133333333333333,67263.38133333334,2,19.0,False,False,False,False,False,False,False,True,False,False,False,False,False,False,False,False,True,1
,8,8,Fine Organic Industries Limited,FINEORG,28,3050.73,buy,2025-06-16 16:21:39,47.07,0.015,-1,0,6,15,23.133333333333333,67263.38133333334,4,28.0,False,False,False,False,False,False,False,True,False,False,False,False,False,False,False,True,False,1
,8,8,Tirupati Forge Limited,TIRUPATIFL,37,990.89,buy,2024-12-10 14:12:35,47.57,0.047,-1,1,12,15,23.133333333333333,67263.38133333334,5,26.0,False,False,False,False,False,False,False,True,False,False,False,False,False,False,True,False,False,1
,8,8,BirlaNu Limited,BIRLANU,1,2623.61,sell,2024-11-08 23:25:41,30.55,0.042,-1,4,11,15,23.133333333333333,67263.38133333334,3,18.666666666666668,False,False,False,False,False,False,False,True,False,False,False,False,False,False,True,False,False,0
,8,8,EPL Limited,EPL,47,4704.3,sell,2025-03-05 00:59:02,37.35,0.067,0,2,3,15,23.133333333333333,67263.38133333334,7,29.0,False,False,False,False,False,False,False,True,False,False,False,False,False,False,True,False,False,0
,8,8,Gayatri Projects Limited,GAYAPROJ,24,2184.92,sell,2025-01-31 21:11:15,38.35,0.088,1,4,1,15,23.133333333333333,67263.38133333334,2,17.0,False,False,False,False,False,False,False,True,False,False,False,False,False,False,False,True,False,0
,8,8,Banaras Beads Limited,BANARBEADS,40,1603.88,sell,2024-12-20 08:30:09,20.79,0.064,0,4,12,15,23.133333333333333,67263.38133333334,4,31.25,False,False,False,False,False,False,False,True,False,False,False,False,False,False,False,True,False,0
,8,8,Bal Pharma Limited,BALPHARMA,20,2560.26,buy,2025-08-31 21:40:39,33.13,0.093,0,6,8,15,23.133333333333333,67263.38133333334,4,28.75,False,False,False,False,False,False,False,True,False,False,False,False,False,False,True,False,False,1
,8,8,SHREE CEMENT LIMITED,SHREECEM,26,3501.18,buy,2025-05-13 01:38:12,41.33,0.054,1,1,5,15,23.133333333333333,67263.38133333334,3,39.0,False,False,False,False,False,False,False,True,False,False,False,False,False,False,True,False,False,1
,8,8,Pilani Investment and Industries Corporation Limited,PILANIINVS,27,3341.4,buy,2025-05-31 18:32:27,42.7,0.079,1,5,5,15,23.133333333333333,67263.38133333334,2,36.0,False,False,False,False,False,False,False,True,False,False,False,False,False,False,False,True,False,1
,9,9,Clean Science and Technology Limited,CLEAN,12,3096.8,buy,2025-04-10 19:33:16,16.34,0.074,-1,3,4,15,26.8,66877.376,3,30.333333333333332,False,False,False,False,False,False,False,True,False,False,False,False,False,False,False,True,False,1
,9,9,Adroit Infotech Limited,ADROITINFO,1,1554.18,buy,2024-11-30 19:22:06,12.15,0.061,0,5,11,15,26.8,66877.376,1,1.0,False,False,False,False,False,False,False,True,False,False,False,False,False,False,False,True,False,1
,9,9,HDB Financial Services Limited,HDBFS,39,3290.79,buy,2025-05-30 09:28:26,12.44,0.093,1,4,5,15,26.8,66877.376,5,35.4,False,False,False,False,False,False,False,True,False,False,False,False,False,False,True,False,False,1
,9,9,Oriental Aromatics Limited,OAL,44,1107.82,buy,2025-01-10 10:56:26,48.15,0.015,1,4,1,15,26.8,66877.376,4,27.75,False,False,False,False,False,False,False,True,False,False,False,False,False,False,False,True,False,1
,9,9,Fertilizers and Chemicals Travancore Limited,FACT,11,3311.31,buy,2025-07-30 20:21:21,34.2,0.017,0,2,7,15,26.8,66877.376,2,9.0,False,False,False,False,False,False,False,True,False,False,False,False,False,False,True,False,False,1
,9,9,Uniparts India Limited,UNIPARTS,41,3115.34,buy,2025-07-01 21:36:29,47.82,0.012,1,1,7,15,26.8,66877.376,2,28.0,False,False,False,False,True,False,False,False,False,False,False,False,False,False,False,True,False,1
,9,9,CRISIL Limited,CRISIL,16,3380.34,buy,2025-07-04 21:15:00,47.42,0.092,1,4,7,15,26.8,66877.376,4,30.0,False,False,False,False,False,False,False,True,False,False,False,False,False,False,False,False,True,1
,9,9,Gayatri Projects Limited,GAYAPROJ,10,170.91,buy,2024-09-28 05:47:10,38.35,0.088,1,5,9,15,26.8,66877.376,2,17.0,False,False,False,False,False,False,False,True,False,False,False,False,False,False,False,True,False,1
,9,9,Hatsun Agro Product Limited,HATSUN,40,4256.2,buy,2024-12-04 11:17:21,35.54,0.022,-1,2,12,15,26.8,66877.376,3,35.0,False,False,False,False,False,False,False,True,False,False,False,False,False,False,False,False,True,1
,9,9,Aditya Birla Lifestyle Brands Limited,ABLBL,41,2899.57,sell,2025-07-22 16:09:43,38.47,0.071,0,1,7,15,26.8,66877.376,7,29.285714285714285,False,False,False,False,False,False,False,False,False,False,True,False,False,False,False,False,True,0
,9,9,Tirupati Forge Limited,TIRUPATIFL,32,2028.28,buy,2024-09-18 23:36:09,47.57,0.047,-1,2,9,15,26.8,66877.376,5,26.0,False,False,False,False,False,False,False,True,False,False,False,False,False,False,True,False,False,1
,9,9,Linc Limited,LINC,1,4468.67,sell,2025-07-16 03:58:38,39.51,0.075,0,2,7,15,26.8,66877.376,4,9.5,False,False,False,False,False,False,False,True,False,False,False,False,False,False,False,True,False,0
,9,9,Shakti Pumps (India) Limited,SHAKTIPUMP,50,2154.47,buy,2025-01-07 00:38:31,9.32,0.063,1,1,1,15,26.8,66877.376,3,29.666666666666668,False,False,False,False,False,False,False,True,False,False,False,False,False,False,False,True,False,1
,9,9,Peninsula Land Limited,PENINLAND,34,2349.52,buy,2025-02-09 07:32:00,7.65,0.058,0,6,2,15,26.8,66877.376,4,19.75,False,False,False,False,False,False,False,True,False,False,False,False,False,False,False,False,True,1
,9,9,IOL Chemicals and Pharmaceuticals Limited,IOLCP,30,710.03,buy,2024-12-19 11:55:57,6.77,0.098,1,3,12,15,26.8,66877.376,2,39.0,False,False,False,False,False,False,False,True,False,False,False,False,False,False,False,False,True,1
,10,10,Steel City Securities Limited,STEELCITY,36,2997.49,sell,2024-10-02 05:19:45,29.7,0.05,0,2,10,15,23.266666666666666,60522.05399999999,3,20.0,False,False,False,False,False,False,False,True,False,False,False,False,False,False,True,False,False,0
,10,10,Oriental Aromatics Limited,OAL,40,4084.28,sell,2024-11-27 10:54:33,48.15,0.015,1,2,11,15,23.266666666666666,60522.05399999999,4,27.75,False,False,False,False,False,False,False,True,False,False,False,False,False,False,False,True,False,0
,10,10,Prime Securities Limited,PRIMESECU,36,2257.27,buy,2025-08-27 03:27:07,8.53,0.051,1,2,8,15,23.266666666666666,60522.05399999999,4,22.25,False,False,False,False,False,False,False,True,False,False,False,False,False,False,False,True,False,1
,10,10,Hatsun Agro Product Limited,HATSUN,29,1333.0,buy,2025-04-14 18:54:28,35.54,0.022,-1,0,4,15,23.266666666666666,60522.05399999999,3,35.0,False,False,False,False,False,False,False,True,False,False,False,False,False,False,False,False,True,1
,10,10,JK Tyre & Industries Limited,JKTYRE,18,3840.78,buy,2025-08-12 20:44:41,47.05,0.092,-1,1,8,15,23.266666666666666,60522.05399999999,5,25.0,False,False,True,False,False,False,False,False,False,False,False,False,False,False,True,False,False,1
,10,10,Anmol India Limited,ANMOL,16,1409.26,buy,2025-06-12 07:51:09,49.92,0.069,1,3,6,15,23.266666666666666,60522.05399999999,3,23.333333333333332,False,False,False,False,False,False,False,True,False,False,False,False,False,False,False,False,True,1
,10,10,Refex Industries Limited,REFEX,16,1394.99,buy,2025-01-06 17:25:01,30.22,0.088,1,0,1,15,23.266666666666666,60522.05399999999,8,29.25,False,False,False,False,False,False,False,True,False,False,False,False,False,False,True,False,False,1
,10,10,UCAL LIMITED,UCAL,6,734.95,buy,2024-11-28 02:13:46,34.67,0.032,0,3,11,15,23.266666666666666,60522.05399999999,7,14.0,False,True,False,False,False,False,False,False,False,False,False,False,False,False,True,False,False,1
,10,10,Linc Limited,LINC,10,3546.77,buy,2025-05-19 01:32:16,39.51,0.075,0,0,5,15,23.266666666666666,60522.05399999999,4,9.5,False,False,False,False,False,False,False,True,False,False,False,False,False,False,False,True,False,1
,10,10,Tasty Bite Eatables Limited,TASTYBITE,22,2735.93,buy,2025-03-19 09:34:45,12.94,0.086,0,2,3,15,23.266666666666666,60522.05399999999,7,28.857142857142858,False,False,False,False,False,False,False,True,False,False,False,False,False,False,True,False,False,1
,10,10,Rajshree Polypack Limited,RPPL,27,1977.91,sell,2025-02-07 03:57:47,9.95,0.04,-1,4,2,15,23.266666666666666,60522.05399999999,1,27.0,False,False,False,False,False,False,False,True,False,False,False,False,False,False,False,False,True,0
,10,10,Peninsula Land Limited,PENINLAND,2,4290.82,sell,2025-08-16 02:15:04,7.65,0.058,0,5,8,15,23.266666666666666,60522.05399999999,4,19.75,False,False,False,False,False,False,False,True,False,False,False,False,False,False,False,False,True,0
,10,10,Voltamp Transformers Limited,VOLTAMP,31,79.19,buy,2025-08-27 16:36:28,16.03,0.054,-1,2,8,15,23.266666666666666,60522.05399999999,1,31.0,False,False,False,False,False,False,False,True,False,False,False,False,False,False,False,True,False,1
,10,10,CRISIL Limited,CRISIL,25,4274.57,sell,2025-05-14 04:13:13,47.42,0.092,1,2,5,15,23.266666666666666,60522.05399999999,4,30.0,False,False,False,False,False,False,False,True,False,False,False,False,False,False,False,False,True,0
,10,10,Aditya Birla Lifestyle Brands Limited,ABLBL,35,3750.2,buy,2025-03-03 17:12:57,38.47,0.071,0,0,3,15,23.266666666666666,60522.05399999999,7,29.285714285714285,False,False,False,False,False,False,False,False,False,False,True,False,False,False,False,False,True,1
,11,11,Indo Count Industries Limited,ICIL,15,2466.74,buy,2024-11-01 00:03:59,13.57,0.01,1,4,11,15,28.8,55858.742,5,36.0,False,False,False,False,False,False,False,True,False,False,False,False,False,False,False,False,True,1
,11,11,Ceigall India Limited,CEIGALL,2,1974.84,buy,2024-12-18 09:16:07,8.33,0.038,0,2,12,15,28.8,55858.742,3,14.666666666666666,False,False,False,False,False,False,False,True,False,False,False,False,False,False,False,True,False,1
,11,11,Lumax Auto Technologies Limited,LUMAXTECH,47,866.97,buy,2024-10-30 17:51:20,21.72,0.084,1,2,10,15,28.8,55858.742,5,35.2,False,False,False,False,False,False,False,True,False,False,False,False,False,False,True,False,False,1
,11,11,Pokarna Limited,POKARNA,40,2693.91,sell,2024-12-11 07:08:29,8.82,0.027,0,2,12,15,28.8,55858.742,3,27.0,False,False,False,False,False,False,False,True,False,False,False,False,False,False,False,True,False,0
,11,11,UNO Minda Limited,UNOMINDA,37,3331.85,buy,2025-06-22 20:12:26,40.25,0.033,1,6,6,15,28.8,55858.742,1,37.0,False,False,False,False,False,False,False,True,False,False,False,False,False,False,False,False,True,1
,11,11,Prime Securities Limited,PRIMESECU,9,4340.91,buy,2025-04-12 12:44:12,8.53,0.051,1,5,4,15,28.8,55858.742,4,22.25,False,False,False,False,False,False,False,True,False,False,False,False,False,False,False,True,False,1
,11,11,Viji Finance Limited,VIJIFIN,25,1670.4,buy,2025-04-03 20:02:20,14.52,0.012,1,3,4,15,28.8,55858.742,7,18.714285714285715,False,False,False,False,False,False,False,True,False,False,False,False,False,False,False,False,True,1
,11,11,AMD Industries Limited,AMDIND,49,4404.22,buy,2024-12-17 13:20:09,27.02,0.011,-1,1,12,15,28.8,55858.742,6,21.666666666666668,False,False,False,False,False,False,False,False,True,False,False,False,False,False,False,True,False,1
,11,11,Aditya Birla Lifestyle Brands Limited,ABLBL,17,4182.81,buy,2025-06-23 15:04:48,38.47,0.071,0,0,6,15,28.8,55858.742,7,29.285714285714285,False,False,False,False,False,False,False,False,False,False,True,False,False,False,False,False,True,1
,11,11,Clean Science and Technology Limited,CLEAN,35,307.82,sell,2025-04-21 13:08:34,16.34,0.074,-1,0,4,15,28.8,55858.742,3,30.333333333333332,False,False,False,False,False,False,False,True,False,False,False,False,False,False,False,True,False,0
,11,11,Shree Vasu Logistics Limited,SVLL,42,389.66,sell,2025-02-19 21:41:57,12.01,0.083,1,2,2,15,28.8,55858.742,5,22.2,False,False,False,False,False,False,True,False,False,False,False,False,False,False,False,True,False,0
,11,11,Datamatics Global Services Limited,DATAMATICS,49,203.6,buy,2025-08-21 04:43:20,44.18,0.078,-1,3,8,15,28.8,55858.742,4,23.25,False,False,False,False,False,False,False,True,False,False,False,False,False,False,True,False,False,1
,11,11,Brightcom Group Limited,BCG,40,804.29,buy,2025-04-21 03:19:39,14.76,0.071,1,0,4,15,28.8,55858.742,2,41.5,False,False,False,False,False,False,False,True,False,False,False,False,False,False,False,True,False,1
,11,11,S. P. Apparels Limited,SPAL,8,2841.65,buy,2025-02-08 15:05:21,15.07,0.066,1,5,2,15,28.8,55858.742,2,4.5,False,False,False,False,False,False,False,True,False,False,False,False,False,False,False,True,False,1
,11,11,Peninsula Land Limited,PENINLAND,17,3846.15,buy,2025-01-25 02:27:29,7.65,0.058,0,5,1,15,28.8,55858.742,4,19.75,False,False,False,False,False,False,False,True,False,False,False,False,False,False,False,False,True,1
,12,12,Indo Count Industries Limited,ICIL,48,3605.87,sell,2024-11-30 16:37:27,13.57,0.01,1,5,11,15,30.2,79948.90533333333,5,36.0,False,False,False,False,False,False,False,True,False,False,False,False,False,False,False,False,True,0
,12,12,Gala Precision Engineering Limited,GALAPREC,20,585.09,buy,2024-10-30 05:45:07,29.98,0.051,1,2,10,15,30.2,79948.90533333333,4,18.5,False,False,False,False,False,False,False,True,False,False,False,False,False,False,False,False,True,1
,12,12,Cura Technologies Limited,CURAA,37,3402.87,sell,2025-03-23 09:32:09,44.37,0.079,0,6,3,15,30.2,79948.90533333333,6,32.666666666666664,False,False,False,False,False,False,False,True,False,False,False,False,False,False,False,False,True,0
,12,12,COSMO FIRST LIMITED,COSMOFIRST,46,1031.73,buy,2025-03-17 04:18:27,35.95,0.097,-1,0,3,15,30.2,79948.90533333333,2,44.0,False,False,False,False,False,False,False,True,False,False,False,False,False,False,True,False,False,1
,12,12,Anmol India Limited,ANMOL,16,554.41,sell,2024-10-11 19:44:37,49.92,0.069,1,4,10,15,30.2,79948.90533333333,3,23.333333333333332,False,False,False,False,False,False,False,True,False,False,False,False,False,False,False,False,True,0
,12,12,EPL Limited,EPL,39,4037.36,sell,2025-06-27 00:48:25,37.35,0.067,0,4,6,15,30.2,79948.90533333333,7,29.0,False,False,False,False,False,False,False,True,False,False,False,False,False,False,True,False,False,0
,12,12,Amines & Plasticizers Limited,AMNPLST,3,1768.66,buy,2024-09-24 19:33:47,9.48,0.046,0,1,9,15,30.2,79948.90533333333,2,24.5,False,False,False,False,False,False,False,True,False,False,False,False,False,False,False,True,False,1
,12,12,Hisar Metal Industries Limited,HISARMETAL,5,2554.51,buy,2025-08-06 22:28:03,35.75,0.031,-1,2,8,15,30.2,79948.90533333333,3,24.333333333333332,False,False,False,False,False,False,False,True,False,False,False,False,False,False,False,True,False,1
,12,12,Aditya Birla Lifestyle Brands Limited,ABLBL,32,572.42,sell,2024-10-19 02:24:38,38.47,0.071,0,5,10,15,30.2,79948.90533333333,7,29.285714285714285,False,False,False,False,False,False,False,False,False,False,True,False,False,False,False,False,True,0
,12,12,JK Tyre & Industries Limited,JKTYRE,30,3551.18,buy,2024-11-04 20:59:27,47.05,0.092,-1,0,11,15,30.2,79948.90533333333,5,25.0,False,False,True,False,False,False,False,False,False,False,False,False,False,False,True,False,False,1
,12,12,AXISCADES Technologies Limited,AXISCADES,34,4829.09,buy,2025-05-08 04:37:39,14.14,0.083,-1,3,5,15,30.2,79948.90533333333,2,36.0,False,False,False,False,False,False,False,True,False,False,False,False,False,False,False,False,True,1
,12,12,Imagicaaworld Entertainment Limited,IMAGICAA,50,2443.31,buy,2024-11-07 15:32:49,30.04,0.075,0,3,11,15,30.2,79948.90533333333,4,38.0,False,False,False,False,False,False,False,True,False,False,False,False,False,False,False,True,False,1
,12,12,AXISCADES Technologies Limited,AXISCADES,38,1378.56,sell,2025-07-11 03:07:17,14.14,0.083,-1,4,7,15,30.2,79948.90533333333,2,36.0,False,False,False,False,False,False,False,True,False,False,False,False,False,False,False,False,True,0
,12,12,International Conveyors Limited,INTLCONV,18,4414.07,buy,2025-05-28 18:57:04,43.12,0.01,1,2,5,15,30.2,79948.90533333333,5,16.2,False,False,False,False,False,True,False,False,False,False,False,False,False,False,True,False,False,1
,12,12,AGI Greenpac Limited,AGI,37,3071.14,buy,2025-02-17 11:13:21,32.33,0.065,0,0,2,15,30.2,79948.90533333333,4,23.75,False,False,False,False,False,False,False,True,False,False,False,False,False,False,False,False,True,1
,13,13,Dabur India Limited,DABUR,32,4262.22,buy,2025-04-26 03:20:30,23.46,0.081,-1,5,4,15,28.266666666666666,88739.06333333334,4,29.0,False,False,False,False,False,False,False,True,False,False,False,False,False,False,True,False,False,1
,13,13,Mangalam Global Enterprise Limited,MGEL,23,3999.27,buy,2024-10-01 04:31:40,47.72,0.083,0,1,10,15,28.266666666666666,88739.06333333334,3,25.0,False,False,False,False,False,False,False,True,False,False,False,False,False,False,True,False,False,1
,13,13,Wockhardt Limited,WOCKPHARMA,45,4406.53,buy,2025-02-02 22:41:52,26.04,0.021,0,6,2,15,28.266666666666666,88739.06333333334,2,37.5,False,False,False,False,False,False,False,True,False,False,False,False,False,False,False,False,True,1
,13,13,Vinyl Chemicals (India) Limited,VINYLINDIA,13,473.78,sell,2025-02-01 17:21:22,19.08,0.066,-1,5,2,15,28.266666666666666,88739.06333333334,2,21.0,False,False,False,False,False,False,False,True,False,False,False,False,False,False,False,False,True,0
,13,13,Ceigall India Limited,CEIGALL,36,3802.92,buy,2025-04-25 22:29:21,8.33,0.038,0,4,4,15,28.266666666666666,88739.06333333334,3,14.666666666666666,False,False,False,False,False,False,False,True,False,False,False,False,False,False,False,True,False,1
,13,13,TruCap Finance Limited,TRU,46,2479.57,sell,2025-03-07 06:56:52,48.09,0.075,0,4,3,15,28.266666666666666,88739.06333333334,1,46.0,False,False,False,False,False,False,False,True,False,False,False,False,False,False,False,False,True,0
,13,13,International Conveyors Limited,INTLCONV,19,1146.9,buy,2025-03-31 00:06:35,43.12,0.01,1,0,3,15,28.266666666666666,88739.06333333334,5,16.2,False,False,False,False,False,True,False,False,False,False,False,False,False,False,True,False,False,1
,13,13,Cura Technologies Limited,CURAA,43,2928.7,buy,2024-12-13 03:45:21,44.37,0.079,0,4,12,15,28.266666666666666,88739.06333333334,6,32.666666666666664,False,False,False,False,False,False,False,True,False,False,False,False,False,False,False,False,True,1
,13,13,Steel City Securities Limited,STEELCITY,23,2156.24,sell,2025-04-09 08:50:44,29.7,0.05,0,2,4,15,28.266666666666666,88739.06333333334,3,20.0,False,False,False,False,False,False,False,True,False,False,False,False,False,False,True,False,False,0
,13,13,Banaras Beads Limited,BANARBEADS,23,3529.13,buy,2025-08-06 19:27:17,20.79,0.064,0,2,8,15,28.266666666666666,88739.06333333334,4,31.25,False,False,False,False,False,False,False,True,False,False,False,False,False,False,False,True,False,1
,13,13,Bharat Gears Limited,BHARATGEAR,15,647.25,buy,2024-09-10 23:25:03,37.37,0.062,0,1,9,15,28.266666666666666,88739.06333333334,1,15.0,False,False,False,False,False,False,False,True,False,False,False,False,False,False,False,True,False,1
,13,13,IOL Chemicals and Pharmaceuticals Limited,IOLCP,48,2702.53,sell,2025-05-28 17:06:27,6.77,0.098,1,2,5,15,28.266666666666666,88739.06333333334,2,39.0,False,False,False,False,False,False,False,True,False,False,False,False,False,False,False,False,True,0
,13,13,Davangere Sugar Company Limited,DAVANGERE,13,1121.1,buy,2025-06-13 10:01:15,44.72,0.085,1,4,6,15,28.266666666666666,88739.06333333334,2,9.0,False,False,False,False,False,False,False,True,False,False,False,False,False,False,False,True,False,1
,13,13,Bal Pharma Limited,BALPHARMA,38,4884.2,buy,2024-10-21 00:06:22,33.13,0.093,0,0,10,15,28.266666666666666,88739.06333333334,4,28.75,False,False,False,False,False,False,False,True,False,False,False,False,False,False,True,False,False,1
,13,13,Refex Industries Limited,REFEX,7,4171.51,buy,2025-05-29 06:24:28,30.22,0.088,1,3,5,15,28.266666666666666,88739.06333333334,8,29.25,False,False,False,False,False,False,False,True,False,False,False,False,False,False,True,False,False,1
,14,14,VIP Clothing Limited,VIPCLOTHNG,12,1546.22,sell,2025-08-16 03:13:57,40.55,0.085,0,5,8,15,23.266666666666666,67476.26733333334,5,29.4,False,False,False,False,False,False,False,False,False,False,False,False,False,True,True,False,False,0
,14,14,Pokarna Limited,POKARNA,18,275.3,buy,2025-04-03 01:19:58,8.82,0.027,0,3,4,15,23.266666666666666,67476.26733333334,3,27.0,False,False,False,False,False,False,False,True,False,False,False,False,False,False,False,True,False,1
,14,14,Northern Arc Capital Limited,NORTHARC,45,4723.24,buy,2025-06-25 03:05:42,37.88,0.066,0,2,6,15,23.266666666666666,67476.26733333334,3,35.666666666666664,False,False,False,False,False,False,False,True,False,False,False,False,False,False,False,True,False,1
,14,14,CRISIL Limited,CRISIL,32,557.81,buy,2024-12-19 03:23:51,47.42,0.092,1,3,12,15,23.266666666666666,67476.26733333334,4,30.0,False,False,False,False,False,False,False,True,False,False,False,False,False,False,False,False,True,1
,14,14,Refex Industries Limited,REFEX,31,2419.64,buy,2025-07-02 00:15:57,30.22,0.088,1,2,7,15,23.266666666666666,67476.26733333334,8,29.25,False,False,False,False,False,False,False,True,False,False,False,False,False,False,True,False,False,1
,14,14,Dr. Lal Path Labs Ltd.,LALPATHLAB,17,4708.26,buy,2025-05-13 10:36:13,21.67,0.035,-1,1,5,15,23.266666666666666,67476.26733333334,4,18.75,False,False,False,False,False,False,False,True,False,False,False,False,False,False,True,False,False,1
,14,14,Indus Towers Limited,INDUSTOWER,26,2484.15,buy,2025-01-16 15:04:18,45.53,0.05,0,3,1,15,23.266666666666666,67476.26733333334,1,26.0,False,False,False,False,False,False,False,True,False,False,False,False,False,False,True,False,False,1
,14,14,EPL Limited,EPL,4,801.05,sell,2024-10-19 20:08:53,37.35,0.067,0,5,10,15,23.266666666666666,67476.26733333334,7,29.0,False,False,False,False,False,False,False,True,False,False,False,False,False,False,True,False,False,0
,14,14,Kirloskar Electric Company Limited,KECL,6,4969.89,buy,2024-12-29 12:01:34,49.72,0.077,1,6,12,15,23.266666666666666,67476.26733333334,3,30.0,False,False,False,False,False,False,False,True,False,False,False,False,False,False,True,False,False,1
,14,14,Pennar Industries Limited,PENIND,27,3051.27,sell,2025-02-22 08:42:45,45.94,0.041,0,5,2,15,23.266666666666666,67476.26733333334,3,22.0,False,False,False,False,False,False,False,True,False,False,False,False,False,False,True,False,False,0
,14,14,Shree Vasu Logistics Limited,SVLL,50,2636.73,buy,2024-11-06 22:32:37,12.01,0.083,1,2,11,15,23.266666666666666,67476.26733333334,5,22.2,False,False,False,False,False,False,True,False,False,False,False,False,False,False,False,True,False,1
,14,14,Oriental Aromatics Limited,OAL,20,4307.82,sell,2025-03-01 17:25:05,48.15,0.015,1,5,3,15,23.266666666666666,67476.26733333334,4,27.75,False,False,False,False,False,False,False,True,False,False,False,False,False,False,False,True,False,0
,14,14,Cura Technologies Limited,CURAA,37,3124.09,buy,2024-09-07 18:39:18,44.37,0.079,0,5,9,15,23.266666666666666,67476.26733333334,6,32.666666666666664,False,False,False,False,False,False,False,True,False,False,False,False,False,False,False,False,True,1
,14,14,Fertilizers and Chemicals Travancore Limited,FACT,7,4740.57,buy,2025-06-13 22:47:32,34.2,0.017,0,4,6,15,23.266666666666666,67476.26733333334,2,9.0,False,False,False,False,False,False,False,True,False,False,False,False,False,False,True,False,False,1
,14,14,Mangalam Global Enterprise Limited,MGEL,17,3319.12,buy,2025-08-12 15:56:51,47.72,0.083,0,1,8,15,23.266666666666666,67476.26733333334,3,25.0,False,False,False,False,False,False,False,True,False,False,False,False,False,False,True,False,False,1
,15,15,ORIENT CERATECH LIMITED,ORIENTCER,36,421.57,buy,2025-06-13 00:19:00,39.21,0.033,1,4,6,15,26.866666666666667,71484.48533333333,4,26.5,False,False,False,False,False,False,False,True,False,False,False,False,False,False,False,False,True,1
,15,15,Bhartiya International Limited,BIL,45,2989.37,buy,2024-12-17 19:22:13,19.81,0.042,0,1,12,15,26.866666666666667,71484.48533333333,1,45.0,False,False,False,False,False,False,False,True,False,False,False,False,False,False,True,False,False,1
,15,15,Anjani Portland Cement Limited,APCL,19,3549.43,sell,2025-03-19 22:12:26,16.74,0.06,0,2,3,15,26.866666666666667,71484.48533333333,5,15.2,False,False,False,True,False,False,False,False,False,False,False,False,False,False,True,False,False,0
,15,15,T T Ltd-RE,TTL-RE,5,3452.56,sell,2025-06-29 10:24:32,23.89,0.037,0,6,6,15,26.866666666666667,71484.48533333333,4,21.0,False,False,False,False,False,False,False,False,False,False,False,False,False,True,False,False,True,0
,15,15,Anmol India Limited,ANMOL,38,3322.86,sell,2024-11-14 21:33:46,49.92,0.069,1,3,11,15,26.866666666666667,71484.48533333333,3,23.333333333333332,False,False,False,False,False,False,False,True,False,False,False,False,False,False,False,False,True,0
,15,15,Prime Securities Limited,PRIMESECU,8,2745.58,buy,2025-03-22 16:20:34,8.53,0.051,1,5,3,15,26.866666666666667,71484.48533333333,4,22.25,False,False,False,False,False,False,False,True,False,False,False,False,False,False,False,True,False,1
,15,15,Vishnu Prakash R Punglia Limited,VPRPL,10,403.48,buy,2025-08-26 22:42:52,12.91,0.019,1,1,8,15,26.866666666666667,71484.48533333333,3,22.0,False,False,False,False,False,False,False,True,False,False,False,False,False,False,True,False,False,1
,15,15,Cura Technologies Limited,CURAA,39,3757.34,buy,2024-10-17 20:13:38,44.37,0.079,0,3,10,15,26.866666666666667,71484.48533333333,6,32.666666666666664,False,False,False,False,False,False,False,True,False,False,False,False,False,False,False,False,True,1
,15,15,Refex Industries Limited,REFEX,29,665.55,buy,2025-08-10 14:13:40,30.22,0.088,1,6,8,15,26.866666666666667,71484.48533333333,8,29.25,False,False,False,False,False,False,False,True,False,False,False,False,False,False,True,False,False,1
,15,15,Peninsula Land Limited,PENINLAND,26,4716.25,buy,2025-05-07 08:37:36,7.65,0.058,0,2,5,15,26.866666666666667,71484.48533333333,4,19.75,False,False,False,False,False,False,False,True,False,False,False,False,False,False,False,False,True,1
,15,15,Seshasayee Paper and Boards Limited,SESHAPAPER,29,448.19,buy,2024-12-31 10:06:49,17.43,0.051,-1,1,12,15,26.866666666666667,71484.48533333333,1,29.0,False,False,False,False,False,False,False,True,False,False,False,False,False,False,False,True,False,1
,15,15,BirlaNu Limited,BIRLANU,48,1645.49,buy,2025-07-30 09:20:00,30.55,0.042,-1,2,7,15,26.866666666666667,71484.48533333333,3,18.666666666666668,False,False,False,False,False,False,False,True,False,False,False,False,False,False,True,False,False,1
,15,15,International Conveyors Limited,INTLCONV,15,4811.46,sell,2025-05-12 15:50:51,43.12,0.01,1,0,5,15,26.866666666666667,71484.48533333333,5,16.2,False,False,False,False,False,True,False,False,False,False,False,False,False,False,True,False,False,0
,15,15,Prajay Engineers Syndicate Limited,PRAENG,38,4756.39,sell,2025-03-22 16:10:03,26.87,0.089,-1,5,3,15,26.866666666666667,71484.48533333333,2,37.5,False,False,False,False,False,False,False,True,False,False,False,False,False,False,False,True,False,0
,15,15,UCO Bank,UCOBANK,18,2902.42,sell,2025-05-01 00:25:13,17.07,0.016,0,3,5,15,26.866666666666667,71484.48533333333,3,38.0,False,False,False,False,False,False,False,True,False,False,False,False,False,False,False,True,False,0
,16,16,ORIENT CERATECH LIMITED,ORIENTCER,31,2618.87,buy,2024-11-22 18:23:33,39.21,0.033,1,4,11,15,27.666666666666668,79664.75733333334,4,26.5,False,False,False,False,False,False,False,True,False,False,False,False,False,False,False,False,True,1
,16,16,Gopal Snacks Limited,GOPAL,12,4984.88,buy,2024-11-04 20:58:18,43.85,0.08,0,0,11,15,27.666666666666668,79664.75733333334,2,17.5,False,False,False,False,False,False,False,True,False,False,False,False,False,False,False,False,True,1
,16,16,Ceigall India Limited,CEIGALL,6,2376.55,buy,2025-01-29 17:32:10,8.33,0.038,0,2,1,15,27.666666666666668,79664.75733333334,3,14.666666666666666,False,False,False,False,False,False,False,True,False,False,False,False,False,False,False,True,False,1
,16,16,SHREE CEMENT LIMITED,SHREECEM,43,567.77,buy,2025-06-29 15:31:20,41.33,0.054,1,6,6,15,27.666666666666668,79664.75733333334,3,39.0,False,False,False,False,False,False,False,True,False,False,False,False,False,False,True,False,False,1
,16,16,Tasty Bite Eatables Limited,TASTYBITE,45,2502.57,buy,2024-11-08 06:09:10,12.94,0.086,0,4,11,15,27.666666666666668,79664.75733333334,7,28.857142857142858,False,False,False,False,False,False,False,True,False,False,False,False,False,False,True,False,False,1
,16,16,Lumax Auto Technologies Limited,LUMAXTECH,49,2772.98,buy,2025-04-03 23:47:00,21.72,0.084,1,3,4,15,27.666666666666668,79664.75733333334,5,35.2,False,False,False,False,False,False,False,True,False,False,False,False,False,False,True,False,False,1
,16,16,Fine Organic Industries Limited,FINEORG,17,1650.21,sell,2025-07-05 21:43:53,47.07,0.015,-1,5,7,15,27.666666666666668,79664.75733333334,4,28.0,False,False,False,False,False,False,False,True,False,False,False,False,False,False,False,True,False,0
,16,16,Lumax Auto Technologies Limited,LUMAXTECH,33,4133.39,buy,2025-08-30 18:06:55,21.72,0.084,1,5,8,15,27.666666666666668,79664.75733333334,5,35.2,False,False,False,False,False,False,False,True,False,False,False,False,False,False,True,False,False,1
,16,16,UCAL LIMITED,UCAL,30,2095.58,buy,2025-03-31 11:39:40,34.67,0.032,0,0,3,15,27.666666666666668,79664.75733333334,7,14.0,False,True,False,False,False,False,False,False,False,False,False,False,False,False,True,False,False,1
,16,16,VIP Clothing Limited,VIPCLOTHNG,40,3794.39,buy,2025-08-29 05:23:11,40.55,0.085,0,4,8,15,27.666666666666668,79664.75733333334,5,29.4,False,False,False,False,False,False,False,False,False,False,False,False,False,True,True,False,False,1
,16,16,Pennar Industries Limited,PENIND,4,1057.61,buy,2024-09-06 17:44:13,45.94,0.041,0,4,9,15,27.666666666666668,79664.75733333334,3,22.0,False,False,False,False,False,False,False,True,False,False,False,False,False,False,True,False,False,1
,16,16,Refex Industries Limited,REFEX,29,4410.19,buy,2025-04-27 02:58:29,30.22,0.088,1,6,4,15,27.666666666666668,79664.75733333334,8,29.25,False,False,False,False,False,False,False,True,False,False,False,False,False,False,True,False,False,1
,16,16,Dabur India Limited,DABUR,41,3063.91,buy,2025-01-10 09:45:36,23.46,0.081,-1,4,1,15,27.666666666666668,79664.75733333334,4,29.0,False,False,False,False,False,False,False,True,False,False,False,False,False,False,True,False,False,1
,16,16,Gala Precision Engineering Limited,GALAPREC,20,2776.65,buy,2025-03-15 06:32:31,29.98,0.051,1,5,3,15,27.666666666666668,79664.75733333334,4,18.5,False,False,False,False,False,False,False,True,False,False,False,False,False,False,False,False,True,1
,16,16,International Conveyors Limited,INTLCONV,15,4961.67,sell,2024-09-14 01:56:35,43.12,0.01,1,5,9,15,27.666666666666668,79664.75733333334,5,16.2,False,False,False,False,False,True,False,False,False,False,False,False,False,False,True,False,False,0
,17,17,AGI Greenpac Limited,AGI,8,3256.16,buy,2024-10-19 23:05:21,32.33,0.065,0,5,10,15,24.066666666666666,51496.20133333334,4,23.75,False,False,False,False,False,False,False,True,False,False,False,False,False,False,False,False,True,1
,17,17,WESTLIFE FOODWORLD LIMITED,WESTLIFE,19,2568.92,buy,2025-09-02 08:14:00,43.33,0.079,0,1,9,15,24.066666666666666,51496.20133333334,1,19.0,False,False,False,False,False,False,False,True,False,False,False,False,False,False,False,True,False,1
,17,17,Veedol Corporation Limited,VEEDOL,31,1256.47,buy,2025-01-25 11:37:57,19.37,0.087,0,5,1,15,24.066666666666666,51496.20133333334,1,31.0,False,False,False,False,False,False,False,True,False,False,False,False,False,False,True,False,False,1
,17,17,Tirupati Forge Limited,TIRUPATIFL,13,4613.25,buy,2025-08-13 18:41:17,47.57,0.047,-1,2,8,15,24.066666666666666,51496.20133333334,5,26.0,False,False,False,False,False,False,False,True,False,False,False,False,False,False,True,False,False,1
,17,17,Le Travenues Technology Limited,IXIGO,5,1417.42,sell,2025-07-26 12:05:28,37.58,0.067,1,5,7,15,24.066666666666666,51496.20133333334,4,19.25,False,False,False,False,False,False,False,True,False,False,False,False,False,False,False,True,False,0
,17,17,Aditya Birla Lifestyle Brands Limited,ABLBL,22,4674.53,buy,2025-07-16 20:05:34,38.47,0.071,0,2,7,15,24.066666666666666,51496.20133333334,7,29.285714285714285,False,False,False,False,False,False,False,False,False,False,True,False,False,False,False,False,True,1
,17,17,Sambhv Steel Tubes Limited,SAMBHV,19,3643.95,sell,2025-01-03 22:38:45,9.89,0.069,0,4,1,15,24.066666666666666,51496.20133333334,2,34.0,False,False,False,False,False,False,False,False,False,False,False,False,True,False,False,True,False,0
,17,17,HDB Financial Services Limited,HDBFS,43,2473.72,buy,2024-12-08 12:15:50,12.44,0.093,1,6,12,15,24.066666666666666,51496.20133333334,5,35.4,False,False,False,False,False,False,False,True,False,False,False,False,False,False,True,False,False,1
,17,17,Imagicaaworld Entertainment Limited,IMAGICAA,31,1758.36,buy,2024-09-29 00:18:30,30.04,0.075,0,6,9,15,24.066666666666666,51496.20133333334,4,38.0,False,False,False,False,False,False,False,True,False,False,False,False,False,False,False,True,False,1
,17,17,UCAL LIMITED,UCAL,25,2303.96,buy,2024-12-09 01:29:33,34.67,0.032,0,0,12,15,24.066666666666666,51496.20133333334,7,14.0,False,True,False,False,False,False,False,False,False,False,False,False,False,False,True,False,False,1
,17,17,Pilani Investment and Industries Corporation Limited,PILANIINVS,45,1232.09,buy,2025-08-13 12:02:57,42.7,0.079,1,2,8,15,24.066666666666666,51496.20133333334,2,36.0,False,False,False,False,False,False,False,True,False,False,False,False,False,False,False,True,False,1
,17,17,Themis Medicare Limited,THEMISMED,27,266.05,sell,2025-04-14 20:33:23,50.0,0.057,0,0,4,15,24.066666666666666,51496.20133333334,1,27.0,False,False,False,False,False,False,False,True,False,False,False,False,False,False,False,False,True,0
,17,17,Punjab & Sind Bank,PSB,25,1961.09,buy,2024-10-07 02:28:32,43.75,0.094,-1,0,10,15,24.066666666666666,51496.20133333334,2,22.5,False,False,False,False,False,False,False,True,False,False,False,False,False,False,False,False,True,1
,17,17,Network People Services Technologies Limited,NPST,10,2501.88,buy,2024-10-09 18:45:16,6.94,0.066,-1,2,10,15,24.066666666666666,51496.20133333334,2,22.0,False,False,False,False,False,False,False,True,False,False,False,False,False,False,True,False,False,1
,17,17,Signatureglobal (India) Limited,SIGNATURE,38,1693.37,buy,2025-06-17 18:16:47,39.27,0.046,-1,1,6,15,24.066666666666666,51496.20133333334,2,35.0,False,False,False,False,False,False,False,True,False,False,False,False,False,False,True,False,False,1
,18,18,Oriental Aromatics Limited,OAL,7,2653.46,buy,2025-03-14 06:09:57,48.15,0.015,1,4,3,15,19.4,61763.262,4,27.75,False,False,False,False,False,False,False,True,False,False,False,False,False,False,False,True,False,1
,18,18,Bal Pharma Limited,BALPHARMA,10,2079.39,buy,2025-07-20 10:17:40,33.13,0.093,0,6,7,15,19.4,61763.262,4,28.75,False,False,False,False,False,False,False,True,False,False,False,False,False,False,True,False,False,1
,18,18,Silly Monks Entertainment Limited,SILLYMONKS,5,2373.98,sell,2024-10-03 09:30:50,24.58,0.075,0,3,10,15,19.4,61763.262,2,11.5,False,False,False,False,False,False,False,True,False,False,False,False,False,False,False,True,False,0
,18,18,AMD Industries Limited,AMDIND,40,3478.89,buy,2025-06-28 21:43:57,27.02,0.011,-1,5,6,15,19.4,61763.262,6,21.666666666666668,False,False,False,False,False,False,False,False,True,False,False,False,False,False,False,True,False,1
,18,18,Banaras Beads Limited,BANARBEADS,44,4303.74,buy,2025-04-01 09:35:16,20.79,0.064,0,1,4,15,19.4,61763.262,4,31.25,False,False,False,False,False,False,False,True,False,False,False,False,False,False,False,True,False,1
,18,18,Fine Organic Industries Limited,FINEORG,41,3607.65,sell,2025-06-30 22:30:03,47.07,0.015,-1,0,6,15,19.4,61763.262,4,28.0,False,False,False,False,False,False,False,True,False,False,False,False,False,False,False,True,False,0
,18,18,UCAL LIMITED,UCAL,3,3106.42,buy,2024-10-25 08:34:46,34.67,0.032,0,4,10,15,19.4,61763.262,7,14.0,False,True,False,False,False,False,False,False,False,False,False,False,False,False,True,False,False,1
,18,18,EPL Limited,EPL,19,4987.26,sell,2024-10-26 09:06:06,37.35,0.067,0,5,10,15,19.4,61763.262,7,29.0,False,False,False,False,False,False,False,True,False,False,False,False,False,False,True,False,False,0
,18,18,BirlaNu Limited,BIRLANU,7,3813.83,sell,2025-05-20 17:43:48,30.55,0.042,-1,1,5,15,19.4,61763.262,3,18.666666666666668,False,False,False,False,False,False,False,True,False,False,False,False,False,False,True,False,False,0
,18,18,The New India Assurance Company Limited,NIACL,29,873.51,buy,2025-03-10 02:21:34,38.25,0.058,1,0,3,15,19.4,61763.262,3,12.666666666666666,False,False,False,False,False,False,False,True,False,False,False,False,False,False,False,True,False,1
,18,18,Dabur India Limited,DABUR,3,1655.65,buy,2025-04-08 00:56:51,23.46,0.081,-1,1,4,15,19.4,61763.262,4,29.0,False,False,False,False,False,False,False,True,False,False,False,False,False,False,True,False,False,1
,18,18,Country Club Hospitality & Holidays Limited,CCHHL,24,2181.9,buy,2024-11-09 15:30:05,9.45,0.076,1,5,11,15,19.4,61763.262,4,26.0,False,False,False,False,False,False,False,True,False,False,False,False,False,False,False,True,False,1
,18,18,Tasty Bite Eatables Limited,TASTYBITE,37,3424.91,buy,2024-12-18 10:54:48,12.94,0.086,0,2,12,15,19.4,61763.262,7,28.857142857142858,False,False,False,False,False,False,False,True,False,False,False,False,False,False,True,False,False,1
,18,18,ORIENT CERATECH LIMITED,ORIENTCER,6,3066.98,buy,2025-03-30 10:40:58,39.21,0.033,1,6,3,15,19.4,61763.262,4,26.5,False,False,False,False,False,False,False,True,False,False,False,False,False,False,False,False,True,1
,18,18,EPL Limited,EPL,16,2513.45,buy,2025-08-11 08:04:19,37.35,0.067,0,0,8,15,19.4,61763.262,7,29.0,False,False,False,False,False,False,False,True,False,False,False,False,False,False,True,False,False,1
,19,19,Anjani Portland Cement Limited,APCL,30,3207.63,buy,2025-04-30 02:16:18,16.74,0.06,0,2,4,15,34.266666666666666,87560.75333333334,5,15.2,False,False,False,True,False,False,False,False,False,False,False,False,False,False,True,False,False,1
,19,19,S. P. Apparels Limited,SPAL,1,4499.6,buy,2025-02-17 20:20:17,15.07,0.066,1,0,2,15,34.266666666666666,87560.75333333334,2,4.5,False,False,False,False,False,False,False,True,False,False,False,False,False,False,False,True,False,1
,19,19,Refex Industries Limited,REFEX,44,2755.66,buy,2024-11-27 18:30:32,30.22,0.088,1,2,11,15,34.266666666666666,87560.75333333334,8,29.25,False,False,False,False,False,False,False,True,False,False,False,False,False,False,True,False,False,1
,19,19,Piramal Pharma Limited,PPLPHARMA,38,1530.81,sell,2025-09-02 06:30:28,21.8,0.076,-1,1,9,15,34.266666666666666,87560.75333333334,2,38.5,False,False,False,False,False,False,False,False,False,True,False,False,False,False,False,False,True,0
,19,19,Linc Limited,LINC,17,2311.34,buy,2025-04-03 23:00:37,39.51,0.075,0,3,4,15,34.266666666666666,87560.75333333334,4,9.5,False,False,False,False,False,False,False,True,False,False,False,False,False,False,False,True,False,1
,19,19,Tirupati Forge Limited,TIRUPATIFL,31,577.93,buy,2025-06-26 19:59:18,47.57,0.047,-1,3,6,15,34.266666666666666,87560.75333333334,5,26.0,False,False,False,False,False,False,False,True,False,False,False,False,False,False,True,False,False,1
,19,19,Country Club Hospitality & Holidays Limited,CCHHL,37,1514.57,buy,2025-06-16 23:51:26,9.45,0.076,1,0,6,15,34.266666666666666,87560.75333333334,4,26.0,False,False,False,False,False,False,False,True,False,False,False,False,False,False,False,True,False,1
,19,19,Brightcom Group Limited,BCG,43,2009.24,buy,2025-06-01 10:26:20,14.76,0.071,1,6,6,15,34.266666666666666,87560.75333333334,2,41.5,False,False,False,False,False,False,False,True,False,False,False,False,False,False,False,True,False,1
,19,19,EPL Limited,EPL,50,3736.11,buy,2024-11-23 15:16:13,37.35,0.067,0,5,11,15,34.266666666666666,87560.75333333334,7,29.0,False,False,False,False,False,False,False,True,False,False,False,False,False,False,True,False,False,1
,19,19,Indo Count Industries Limited,ICIL,48,2508.8,sell,2025-06-10 09:34:21,13.57,0.01,1,1,6,15,34.266666666666666,87560.75333333334,5,36.0,False,False,False,False,False,False,False,True,False,False,False,False,False,False,False,False,True,0
,19,19,Refex Industries Limited,REFEX,50,4004.36,buy,2025-01-05 13:48:47,30.22,0.088,1,6,1,15,34.266666666666666,87560.75333333334,8,29.25,False,False,False,False,False,False,False,True,False,False,False,False,False,False,True,False,False,1
,19,19,Country Club Hospitality & Holidays Limited,CCHHL,15,3201.26,buy,2025-02-08 11:17:03,9.45,0.076,1,5,2,15,34.266666666666666,87560.75333333334,4,26.0,False,False,False,False,False,False,False,True,False,False,False,False,False,False,False,True,False,1
,19,19,UCO Bank,UCOBANK,49,3618.6,buy,2025-05-25 08:58:58,17.07,0.016,0,6,5,15,34.266666666666666,87560.75333333334,3,38.0,False,False,False,False,False,False,False,True,False,False,False,False,False,False,False,True,False,1
,19,19,Le Travenues Technology Limited,IXIGO,41,530.96,buy,2025-05-16 21:42:33,37.58,0.067,1,4,5,15,34.266666666666666,87560.75333333334,4,19.25,False,False,False,False,False,False,False,True,False,False,False,False,False,False,False,True,False,1
,19,19,Datamatics Global Services Limited,DATAMATICS,20,3953.62,buy,2025-01-29 12:56:16,44.18,0.078,-1,2,1,15,34.266666666666666,87560.75333333334,4,23.25,False,False,False,False,False,False,False,True,False,False,False,False,False,False,True,False,False,1
,20,20,VIP Clothing Limited,VIPCLOTHNG,47,700.49,sell,2025-02-23 15:47:43,40.55,0.085,0,6,2,15,31.066666666666666,71094.04133333333,5,29.4,False,False,False,False,False,False,False,False,False,False,False,False,False,True,True,False,False,0
,20,20,SHREE CEMENT LIMITED,SHREECEM,48,2106.74,buy,2025-08-21 21:25:03,41.33,0.054,1,3,8,15,31.066666666666666,71094.04133333333,3,39.0,False,False,False,False,False,False,False,True,False,False,False,False,False,False,True,False,False,1
,20,20,UCAL LIMITED,UCAL,24,2677.72,sell,2025-03-26 12:33:47,34.67,0.032,0,2,3,15,31.066666666666666,71094.04133333333,7,14.0,False,True,False,False,False,False,False,False,False,False,False,False,False,False,True,False,False,0
,20,20,Orchid Pharma Limited,ORCHPHARMA,17,4574.54,sell,2025-02-28 20:33:45,7.83,0.021,0,4,2,15,31.066666666666666,71094.04133333333,2,22.0,False,False,False,False,False,False,False,True,False,False,False,False,False,False,False,False,True,0
,20,20,Northern Arc Capital Limited,NORTHARC,48,4358.46,sell,2024-10-23 12:14:51,37.88,0.066,0,2,10,15,31.066666666666666,71094.04133333333,3,35.666666666666664,False,False,False,False,False,False,False,True,False,False,False,False,False,False,False,True,False,0
,20,20,AGI Greenpac Limited,AGI,5,746.75,sell,2024-12-11 19:03:16,32.33,0.065,0,2,12,15,31.066666666666666,71094.04133333333,4,23.75,False,False,False,False,False,False,False,True,False,False,False,False,False,False,False,False,True,0
,20,20,UCO Bank,UCOBANK,47,3388.31,buy,2024-12-02 18:44:15,17.07,0.016,0,0,12,15,31.066666666666666,71094.04133333333,3,38.0,False,False,False,False,False,False,False,True,False,False,False,False,False,False,False,True,False,1
,20,20,Escorts Kubota Limited,ESCORTS,24,497.0,buy,2024-10-01 09:10:16,6.58,0.04,1,1,10,15,31.066666666666666,71094.04133333333,3,26.666666666666668,True,False,False,False,False,False,False,False,False,False,False,False,False,False,True,False,False,1
,20,20,Viji Finance Limited,VIJIFIN,35,661.76,buy,2025-01-15 19:35:33,14.52,0.012,1,2,1,15,31.066666666666666,71094.04133333333,7,18.714285714285715,False,False,False,False,False,False,False,True,False,False,False,False,False,False,False,False,True,1
,20,20,Clean Science and Technology Limited,CLEAN,44,1347.7,buy,2024-09-14 16:27:36,16.34,0.074,-1,5,9,15,31.066666666666666,71094.04133333333,3,30.333333333333332,False,False,False,False,False,False,False,True,False,False,False,False,False,False,False,True,False,1
,20,20,JK Tyre & Industries Limited,JKTYRE,24,586.31,buy,2025-04-22 23:50:28,47.05,0.092,-1,1,4,15,31.066666666666666,71094.04133333333,5,25.0,False,False,True,False,False,False,False,False,False,False,False,False,False,False,True,False,False,1
,20,20,Dabur India Limited,DABUR,40,4426.96,buy,2025-04-09 15:19:46,23.46,0.081,-1,2,4,15,31.066666666666666,71094.04133333333,4,29.0,False,False,False,False,False,False,False,True,False,False,False,False,False,False,True,False,False,1
,20,20,Cybertech Systems And Software Limited,CYBERTECH,15,3255.88,buy,2024-12-04 21:13:53,21.76,0.043,0,2,12,15,31.066666666666666,71094.04133333333,1,15.0,False,False,False,False,False,False,False,True,False,False,False,False,False,False,True,False,False,1
,20,20,AGI Greenpac Limited,AGI,45,1545.84,buy,2025-04-23 01:03:57,32.33,0.065,0,2,4,15,31.066666666666666,71094.04133333333,4,23.75,False,False,False,False,False,False,False,True,False,False,False,False,False,False,False,False,True,1
,20,20,Le Travenues Technology Limited,IXIGO,3,4733.99,buy,2024-12-01 00:58:53,37.58,0.067,1,6,12,15,31.066666666666666,71094.04133333333,4,19.25,False,False,False,False,False,False,False,True,False,False,False,False,False,False,False,True,False,1
